id;fecha;temp;feelslike;dew;humidity;precip;precipprob;windgust;windspeed;winddir;cloudcover;visibility;conditionsDay
4047;14/01/2026 11:30;10.3;10.1;4.4;67.8;0.0;28;12.6;11.7;277;79.1;13.4;partly-cloudy
4076;14/01/2026 11:30;10.6;9.9;5.1;70.9;0.0;2;22.4;11.9;219;42.9;11.3;partly-cloudy
4077;14/01/2026 11:30;10.8;10.2;5.0;67.0;0.0;12;20.9;9.8;266;38.9;10.5;partly-cloudy
4050;14/01/2026 11:30;10.9;9.8;3.8;68.2;0.1;12;14.2;11.7;232;57.7;11.1;partly-cloudy
4049;14/01/2026 11:30;10.9;9.8;4.3;71.7;0.0;1;23.3;10.1;254;34.4;11.3;partly-cloudy
4056;14/01/2026 11:30;10.4;9.9;4.3;72.3;0.0;7;20.8;10.5;229;63.0;10.5;partly-cloudy
4059;14/01/2026 11:30;9.7;8.7;4.3;68.5;0.0;9;22.4;9.8;229;58.1;11.7;partly-cloudy
7074;14/01/2026 11:30;10.1;9.6;3.9;68.2;0.0;11;14.9;9.0;233;43.4;10.2;partly-cloudy
7072;14/01/2026 11:30;9.4;8.4;4.2;68.5;0.0;13;22.5;11.3;263;61.1;11.7;partly-cloudy
7070;14/01/2026 11:30;10.5;9.3;4.3;73.3;0.0;5;20.3;10.9;245;66.0;12.7;partly-cloudy
3994;14/01/2026 11:30;10.5;9.1;5.2;62.5;0.0;9;16.3;10.3;240;82.1;12.0;cloudy
3856;14/01/2026 11:30;11.1;10.3;3.8;75.1;0.0;7;20.6;10.6;243;85.8;13.3;cloudy
3858;14/01/2026 11:30;9.5;9.3;4.6;69.5;0.0;12;16.1;9.1;234;50.3;8.5;partly-cloudy
3859;14/01/2026 11:30;11.0;9.9;5.3;80.9;0.0;16;16.5;9.8;285;74.1;11.5;partly-cloudy
3861;14/01/2026 11:30;10.1;9.1;4.4;68.8;0.0;19;21.0;12.1;270;52.2;7.9;partly-cloudy
7035;14/01/2026 11:30;11.3;10.5;4.9;62.4;0.0;16;21.3;9.9;242;61.2;9.3;partly-cloudy
7034;14/01/2026 11:30;9.8;9.6;4.2;62.8;0.0;19;16.2;7.6;247;74.1;10.3;partly-cloudy
7054;14/01/2026 11:30;10.6;9.3;4.7;77.5;0.0;14;18.0;10.6;290;60.4;17.1;partly-cloudy
7053;14/01/2026 11:30;11.0;10.0;4.1;75.1;0.0;17;16.7;10.3;287;63.7;12.1;partly-cloudy
4682;14/01/2026 11:30;10.9;10.0;3.8;62.5;0.0;37;21.6;11.6;259;77.7;13.7;partly-cloudy
4075;14/01/2026 11:30;10.5;9.9;4.5;72.7;0.0;6;17.9;14.4;269;85.5;13.2;cloudy
3857;14/01/2026 11:30;9.8;8.9;5.1;55.9;0.0;11;18.2;8.4;235;47.6;12.3;partly-cloudy
4039;14/01/2026 11:30;9.8;8.8;3.9;74.1;0.0;15;18.6;8.2;217;63.5;12.0;partly-cloudy
3996;14/01/2026 11:30;9.5;8.8;5.4;60.5;0.0;9;24.2;7.3;256;81.7;11.9;cloudy
3612;14/01/2026 11:30;10.1;9.7;4.3;61.0;0.0;22;16.3;7.8;282;48.2;13.0;partly-cloudy
4070;14/01/2026 11:30;10.6;10.4;4.9;67.5;0.0;24;19.1;10.5;266;47.3;9.8;partly-cloudy
4052;14/01/2026 11:30;10.3;9.5;4.6;62.1;0.0;14;14.0;10.1;246;66.1;10.2;partly-cloudy
4040;14/01/2026 11:30;10.8;9.9;5.1;68.4;0.0;24;21.1;12.0;233;21.0;11.1;clear
3616;14/01/2026 11:30;11.0;10.2;4.8;76.1;0.0;21;14.9;9.3;218;61.7;11.6;partly-cloudy
4035;14/01/2026 11:30;10.5;9.7;5.0;69.3;0.0;16;18.5;9.2;225;38.6;13.5;partly-cloudy
4033;14/01/2026 11:30;10.1;9.0;4.4;77.6;0.0;21;15.6;11.0;231;46.4;13.2;partly-cloudy
4032;14/01/2026 11:30;10.3;9.7;4.5;60.5;0.0;17;17.7;8.8;278;72.0;12.6;partly-cloudy
4031;14/01/2026 11:30;9.0;8.1;4.4;70.6;0.0;0;15.8;9.1;287;50.3;11.2;partly-cloudy
4030;14/01/2026 11:30;10.7;10.0;4.2;90.0;0.0;17;22.9;10.2;284;68.2;12.2;partly-cloudy
3997;14/01/2026 11:30;11.4;10.3;4.8;69.0;0.0;9;17.1;9.3;262;64.1;12.4;partly-cloudy
4024;14/01/2026 11:30;9.9;9.1;4.5;72.2;0.0;3;16.4;10.9;247;89.0;9.2;cloudy
3753;14/01/2026 11:30;10.0;9.2;4.4;73.1;0.0;18;18.9;13.4;253;21.1;12.4;clear
4006;14/01/2026 11:30;11.2;10.2;3.7;78.8;0.0;15;12.3;7.5;245;55.3;10.8;partly-cloudy
4005;14/01/2026 11:30;9.4;8.5;3.9;74.8;0.0;2;22.6;6.2;235;71.4;10.5;partly-cloudy
10013;14/01/2026 11:30;11.5;10.2;4.5;70.2;0.0;27;16.1;10.4;211;50.2;11.1;partly-cloudy
4001;14/01/2026 11:30;9.7;9.4;5.2;70.0;0.0;21;14.3;12.5;287;74.3;14.4;partly-cloudy
4000;14/01/2026 11:30;10.1;9.3;4.2;68.0;0.0;15;23.7;14.6;214;35.8;13.2;partly-cloudy
3999;14/01/2026 11:30;10.3;9.9;4.8;72.1;0.0;28;19.6;11.8;210;87.6;13.3;cloudy
3998;14/01/2026 11:30;10.2;9.5;4.4;65.0;0.0;25;21.5;9.7;239;53.0;13.4;partly-cloudy
3613;14/01/2026 11:30;9.5;9.2;3.6;57.3;0.0;23;15.0;9.7;275;87.5;12.1;cloudy
4023;14/01/2026 11:30;10.3;9.3;3.1;72.0;0.0;18;19.6;4.1;251;68.7;10.8;partly-cloudy
11205;14/01/2026 11:30;9.9;9.5;4.2;70.2;0.0;2;21.8;8.6;264;21.1;12.7;clear
4051;14/01/2026 11:30;11.5;10.9;4.2;76.8;0.0;19;19.7;10.4;289;57.1;10.0;partly-cloudy
4034;14/01/2026 11:30;9.3;8.6;5.0;85.5;0.0;0;15.3;7.6;245;31.8;9.8;partly-cloudy
6667;14/01/2026 11:30;11.7;10.9;5.3;72.3;0.0;17;19.6;7.1;282;24.2;10.6;clear
3827;14/01/2026 11:30;11.3;10.1;4.9;79.4;0.0;22;12.9;11.4;270;78.0;10.4;partly-cloudy
3503;14/01/2026 11:30;10.6;9.6;4.8;70.0;0.0;4;17.8;8.6;264;7.6;12.0;clear
3828;14/01/2026 11:30;11.3;10.5;4.4;68.5;0.0;4;15.2;9.6;271;32.3;11.4;partly-cloudy
3993;14/01/2026 11:30;10.7;10.0;4.2;74.6;0.0;7;20.6;5.8;280;52.5;10.9;partly-cloudy
3860;14/01/2026 11:30;10.1;9.2;5.3;73.1;0.0;17;22.3;4.9;279;81.7;15.2;cloudy
4046;14/01/2026 11:30;10.5;9.9;4.9;61.9;0.0;13;20.1;10.4;232;67.8;14.2;partly-cloudy
7055;14/01/2026 11:30;9.5;8.8;4.3;77.7;0.0;10;17.2;7.4;281;40.1;12.9;partly-cloudy
4041;14/01/2026 11:30;10.3;9.4;4.5;80.1;0.0;13;22.1;9.6;215;45.0;10.6;partly-cloudy
4042;14/01/2026 11:30;10.2;9.3;3.8;72.3;0.0;33;20.1;11.0;289;38.7;15.6;partly-cloudy
4009;14/01/2026 11:30;10.3;8.8;4.2;69.0;0.0;25;15.6;14.6;229;67.7;11.6;partly-cloudy
10100;14/01/2026 11:30;10.2;9.6;4.7;79.6;0.0;20;13.7;7.9;258;44.7;9.7;partly-cloudy
4010;14/01/2026 11:30;10.1;9.8;4.9;66.0;0.0;9;17.4;8.1;270;58.1;14.4;partly-cloudy
4067;14/01/2026 11:31;10.4;9.7;4.1;68.3;0.0;6;19.5;10.9;255;56.8;12.4;partly-cloudy
4057;14/01/2026 11:31;11.3;10.4;4.3;71.0;0.0;20;14.7;6.7;286;59.5;12.3;partly-cloudy
10085;14/01/2026 11:31;11.3;10.6;4.3;75.0;0.0;10;14.7;9.2;287;51.7;15.0;partly-cloudy
4064;14/01/2026 11:31;11.3;10.5;4.4;75.6;0.0;11;16.6;8.2;273;71.8;10.8;partly-cloudy
4002;14/01/2026 11:31;10.6;9.5;4.6;63.1;0.0;10;17.5;8.7;270;30.3;11.4;partly-cloudy
4011;14/01/2026 11:31;10.8;10.1;5.2;59.8;0.0;20;15.0;9.6;281;55.6;10.1;partly-cloudy
4055;14/01/2026 11:31;10.9;9.7;4.0;68.5;0.0;12;15.5;8.2;222;66.4;7.2;partly-cloudy
4021;14/01/2026 11:31;10.6;10.1;5.1;74.5;0.0;18;16.3;12.2;290;25.7;10.0;clear
5082;14/01/2026 11:31;10.9;9.8;4.9;58.9;0.0;8;17.4;10.2;264;46.2;12.4;partly-cloudy
10093;14/01/2026 11:31;10.5;9.8;4.3;64.4;0.0;21;18.8;11.7;212;48.0;11.7;partly-cloudy
4053;14/01/2026 11:31;11.0;10.3;5.1;73.5;0.0;19;17.6;14.2;249;9.8;10.4;clear
3764;14/01/2026 11:31;10.2;9.7;4.8;75.2;0.0;9;15.7;7.4;261;61.4;11.4;partly-cloudy
10101;14/01/2026 11:31;10.4;9.8;4.6;85.3;0.0;24;22.0;12.0;280;52.4;12.1;partly-cloudy
4058;14/01/2026 11:31;10.4;10.0;5.0;76.3;0.0;17;22.1;7.6;214;50.6;12.0;partly-cloudy
10084;14/01/2026 11:31;10.5;9.5;4.7;73.7;0.0;0;15.1;8.2;215;80.7;14.3;cloudy
10083;14/01/2026 11:31;10.4;9.3;4.8;70.8;0.0;11;17.3;14.1;247;64.5;13.7;partly-cloudy
10102;14/01/2026 11:31;10.4;9.8;4.2;79.2;0.0;29;16.8;7.8;257;56.2;12.5;partly-cloudy
4029;14/01/2026 11:31;11.0;10.6;3.8;56.0;0.0;31;14.7;11.8;248;63.9;13.0;partly-cloudy
4003;14/01/2026 11:31;9.9;8.7;4.8;78.9;0.0;4;17.1;10.4;254;86.2;11.2;cloudy
4073;14/01/2026 11:32;11.3;10.9;4.2;62.9;0.0;12;20.2;6.4;229;31.9;10.9;partly-cloudy
4074;14/01/2026 11:32;9.0;7.6;5.2;73.3;0.0;8;21.2;10.3;234;42.2;13.2;partly-cloudy
10081;14/01/2026 11:32;11.2;10.1;4.5;72.7;0.0;14;13.7;13.0;272;54.6;14.3;partly-cloudy
4016;14/01/2026 11:32;10.3;9.6;4.5;66.6;0.0;30;15.7;7.8;288;45.7;14.0;partly-cloudy
4044;14/01/2026 11:32;9.0;7.8;4.6;75.2;0.0;20;19.7;8.3;268;80.1;11.0;cloudy
4043;14/01/2026 11:32;10.7;10.2;3.7;69.7;0.0;15;16.8;8.9;277;31.1;7.8;partly-cloudy
4017;14/01/2026 11:32;10.2;9.1;4.7;57.6;0.0;18;19.5;7.9;278;79.6;13.5;partly-cloudy
10103;14/01/2026 11:32;10.7;9.8;5.1;65.4;0.0;4;11.7;10.1;236;37.6;10.4;partly-cloudy
4045;14/01/2026 11:32;11.1;10.3;4.6;72.7;0.0;17;13.7;11.6;228;57.2;13.1;partly-cloudy
4054;14/01/2026 11:32;9.8;8.5;4.5;76.2;0.0;17;20.6;11.6;244;93.4;16.1;cloudy
10080;14/01/2026 11:32;10.8;9.7;5.0;59.5;0.0;14;9.5;8.5;282;54.7;11.6;partly-cloudy
3964;14/01/2026 11:32;11.3;10.7;4.6;80.2;0.0;12;15.7;7.9;233;45.9;8.8;partly-cloudy
4071;14/01/2026 11:32;11.0;10.2;4.6;67.0;0.0;20;15.2;10.6;213;29.8;13.5;clear
10082;14/01/2026 11:32;10.3;9.4;4.8;76.9;0.0;15;23.8;5.7;223;57.6;14.4;partly-cloudy
4068;14/01/2026 11:32;12.1;11.3;4.4;69.9;0.0;14;13.0;12.7;239;63.6;13.6;partly-cloudy
4015;14/01/2026 11:32;11.2;10.3;4.4;72.2;0.0;21;20.0;10.4;214;13.4;9.1;clear
9888;14/01/2026 11:32;10.4;9.6;4.4;67.0;0.0;27;17.7;11.1;210;29.3;13.9;clear
3965;14/01/2026 11:32;10.5;9.9;4.0;66.1;0.0;32;20.8;11.4;259;63.0;9.5;partly-cloudy
4022;14/01/2026 11:33;10.6;10.0;4.2;69.2;0.0;11;19.1;9.9;235;69.0;12.6;partly-cloudy
4026;14/01/2026 11:33;10.0;9.2;4.4;75.0;0.0;4;20.6;7.4;251;59.5;14.1;partly-cloudy
3980;14/01/2026 11:33;9.7;9.0;4.3;78.3;0.0;5;16.5;10.4;233;54.7;12.4;partly-cloudy
7037;14/01/2026 11:33;10.5;9.9;4.3;61.7;0.0;25;17.6;10.7;255;80.7;10.1;cloudy
4028;14/01/2026 11:33;10.4;9.6;4.5;71.8;0.0;15;18.7;6.8;273;65.3;9.7;partly-cloudy
9890;14/01/2026 11:33;10.0;9.0;4.7;74.0;0.0;12;16.3;6.8;273;42.8;15.2;partly-cloudy
3979;14/01/2026 11:33;10.2;9.2;3.7;73.9;0.0;14;17.2;9.2;278;68.8;13.9;partly-cloudy
4014;14/01/2026 11:33;9.3;8.6;4.4;77.6;0.0;23;12.9;10.1;220;63.4;10.3;partly-cloudy
3720;14/01/2026 11:33;11.0;10.5;4.5;67.2;0.0;27;14.4;11.1;227;38.8;13.1;partly-cloudy
4027;14/01/2026 11:33;11.3;10.0;4.7;68.3;0.0;6;20.5;12.9;288;86.9;9.2;cloudy
4048;14/01/2026 11:34;10.6;10.1;3.9;62.7;0.0;14;19.5;9.1;233;81.5;8.1;cloudy
9893;14/01/2026 11:34;9.9;8.6;4.1;75.8;0.0;25;19.4;15.5;226;84.9;14.1;cloudy
3841;14/01/2026 11:34;10.6;9.0;5.8;63.8;0.0;4;15.0;9.2;284;47.8;12.9;partly-cloudy
9894;14/01/2026 11:34;11.4;10.5;4.7;75.9;0.0;16;18.3;9.5;228;30.1;15.1;partly-cloudy
3840;14/01/2026 11:34;11.2;10.6;4.9;70.0;0.0;14;17.5;9.2;248;46.8;9.4;partly-cloudy
3932;14/01/2026 11:34;9.3;8.6;3.6;66.9;0.0;12;17.0;10.8;228;38.3;12.5;partly-cloudy
3946;14/01/2026 11:34;11.1;9.7;4.6;73.6;0.0;9;17.2;11.0;283;52.5;12.3;partly-cloudy
3945;14/01/2026 11:34;9.9;9.3;5.2;64.9;0.0;25;20.1;10.3;288;50.9;15.0;partly-cloudy
10812;14/01/2026 11:34;10.5;9.7;3.9;67.7;0.0;14;20.4;10.6;272;45.3;14.2;partly-cloudy
3697;14/01/2026 11:35;10.5;9.8;4.0;62.6;0.0;15;20.7;8.4;236;36.6;15.0;partly-cloudy
3578;14/01/2026 11:35;11.5;10.0;4.8;71.4;0.0;4;17.4;12.3;285;48.4;10.4;partly-cloudy
3940;14/01/2026 11:35;10.2;9.5;5.3;70.1;0.0;13;16.9;10.1;285;97.3;12.6;cloudy
3851;14/01/2026 11:35;11.1;10.4;3.4;69.2;0.0;19;13.9;9.0;216;68.8;9.3;partly-cloudy
3939;14/01/2026 11:35;10.7;10.0;4.6;71.9;0.0;10;17.8;12.9;283;27.4;13.2;clear
4223;14/01/2026 11:35;11.0;9.9;3.6;74.5;0.0;16;18.5;12.9;268;48.5;14.8;partly-cloudy
3852;14/01/2026 11:36;10.1;9.5;4.3;67.8;0.0;19;19.6;7.7;272;76.6;13.2;partly-cloudy
7032;14/01/2026 11:36;11.4;10.5;5.1;74.2;0.0;7;18.9;10.7;290;64.3;9.9;partly-cloudy
3798;14/01/2026 11:36;10.5;9.6;4.4;61.8;0.0;24;17.9;11.2;253;58.2;11.7;partly-cloudy
7011;14/01/2026 11:36;10.9;10.2;5.2;69.7;0.0;32;22.7;8.3;227;73.3;9.4;partly-cloudy
7030;14/01/2026 11:36;10.4;9.6;5.0;66.8;0.0;20;15.8;7.5;279;52.0;8.2;partly-cloudy
3465;14/01/2026 11:36;12.6;11.3;4.5;66.8;0.0;21;19.8;10.0;278;31.0;12.1;partly-cloudy
7026;14/01/2026 11:36;10.5;9.6;4.1;80.7;0.0;14;17.4;11.5;281;62.4;11.6;partly-cloudy
7029;14/01/2026 11:36;10.7;9.8;4.7;69.8;0.0;16;25.0;7.7;236;87.7;8.4;cloudy
3947;14/01/2026 11:36;10.9;10.3;3.5;72.0;0.0;17;18.3;11.6;260;42.3;11.0;partly-cloudy
3845;14/01/2026 11:36;10.0;9.3;4.2;66.6;0.0;0;21.0;9.3;234;56.7;13.6;partly-cloudy
4155;14/01/2026 11:36;11.4;10.1;3.4;64.0;0.0;14;16.9;8.7;278;50.2;8.7;partly-cloudy
3850;14/01/2026 11:36;10.7;10.1;3.9;73.5;0.0;11;16.5;8.2;265;35.7;10.2;partly-cloudy
3523;14/01/2026 11:37;9.8;9.0;4.6;55.3;0.0;17;19.3;9.3;285;73.1;11.1;partly-cloudy
3759;14/01/2026 11:37;11.0;10.4;4.7;66.8;0.0;20;19.0;8.2;285;62.6;14.8;partly-cloudy
3671;14/01/2026 11:37;9.3;8.5;4.3;69.3;0.0;5;16.8;7.9;271;57.1;8.5;partly-cloudy
3758;14/01/2026 11:37;11.2;10.4;5.0;78.0;0.0;11;13.3;10.3;235;93.7;12.8;cloudy
10034;14/01/2026 11:37;11.1;10.0;4.9;67.2;0.0;12;18.3;10.1;210;46.2;10.9;partly-cloudy
4159;14/01/2026 11:37;10.5;10.1;4.4;74.5;0.0;15;13.1;12.2;241;72.3;14.6;partly-cloudy
4158;14/01/2026 11:37;10.1;9.7;3.5;75.1;0.0;26;22.2;11.3;255;72.4;10.7;partly-cloudy
3842;14/01/2026 11:37;11.1;10.4;4.4;75.3;0.0;30;21.1;8.6;251;65.2;5.7;partly-cloudy
3653;14/01/2026 11:37;9.8;8.6;5.3;67.8;0.0;14;19.7;8.7;290;69.0;11.8;partly-cloudy
3847;14/01/2026 11:37;10.4;9.5;3.9;62.6;0.0;26;21.6;13.4;265;46.9;10.8;partly-cloudy
3843;14/01/2026 11:37;10.4;9.9;3.7;61.9;0.0;21;17.2;15.5;268;65.3;12.1;partly-cloudy
10018;14/01/2026 11:37;11.2;11.1;5.2;80.1;0.0;11;19.2;11.5;241;61.7;13.9;partly-cloudy
4244;14/01/2026 11:37;10.9;10.0;4.8;77.5;0.0;21;23.0;9.3;269;54.8;12.1;partly-cloudy
4156;14/01/2026 11:37;10.6;9.8;4.5;69.4;0.0;16;21.9;8.4;258;51.2;14.1;partly-cloudy
3848;14/01/2026 11:37;10.5;9.5;4.6;70.9;0.0;20;19.8;11.2;261;39.8;12.6;partly-cloudy
3936;14/01/2026 11:37;11.0;10.1;5.0;62.9;0.0;7;19.9;11.5;213;63.8;11.5;partly-cloudy
4157;14/01/2026 11:37;11.3;9.9;5.0;63.8;0.0;21;18.3;7.6;233;69.7;12.1;partly-cloudy
7090;14/01/2026 11:37;10.6;9.6;5.0;71.7;0.0;6;23.2;4.9;257;85.4;14.1;cloudy
3683;14/01/2026 11:37;9.8;9.0;4.0;66.9;0.0;24;18.3;10.9;223;71.7;10.0;partly-cloudy
10036;14/01/2026 11:37;10.0;9.3;4.6;75.5;0.0;9;18.5;14.3;255;63.4;15.2;partly-cloudy
4160;14/01/2026 11:37;11.0;9.8;5.0;75.3;0.0;14;22.1;11.6;210;57.2;12.9;partly-cloudy
7091;14/01/2026 11:38;10.9;9.8;5.3;74.6;0.0;2;19.3;10.7;227;57.1;13.7;partly-cloudy
4172;14/01/2026 11:38;10.8;9.7;4.1;72.6;0.0;11;21.0;9.4;244;62.0;12.1;partly-cloudy
3849;14/01/2026 11:38;10.2;9.3;3.8;66.4;0.0;15;18.9;15.0;219;57.1;13.3;partly-cloudy
4258;14/01/2026 11:38;10.0;9.0;3.8;69.7;0.0;4;10.8;8.3;251;67.2;13.5;partly-cloudy
4243;14/01/2026 11:38;10.3;9.1;4.0;69.8;0.0;14;15.4;15.2;286;54.3;11.6;partly-cloudy
4246;14/01/2026 11:38;11.5;10.6;4.8;66.4;0.0;28;21.1;9.4;273;57.0;11.5;partly-cloudy
3854;14/01/2026 11:38;10.7;10.0;5.3;72.2;0.0;16;21.5;9.1;274;55.0;11.6;partly-cloudy
4257;14/01/2026 11:38;11.0;10.0;4.2;64.1;0.0;22;16.7;9.8;289;57.3;15.0;partly-cloudy
4171;14/01/2026 11:38;10.6;10.1;4.7;60.4;0.0;20;14.1;12.4;282;46.2;12.4;partly-cloudy
7041;14/01/2026 11:38;10.4;10.0;4.4;79.9;0.0;4;17.6;12.0;219;14.9;9.6;clear
3846;14/01/2026 11:39;9.6;9.4;4.2;80.1;0.0;1;18.2;10.7;250;46.0;12.9;partly-cloudy
4173;14/01/2026 11:39;10.2;9.1;4.6;64.0;0.0;9;18.5;9.0;281;72.4;10.4;partly-cloudy
7138;14/01/2026 11:39;10.2;9.7;4.0;67.7;0.0;15;16.1;9.4;261;43.6;10.1;partly-cloudy
4249;14/01/2026 11:39;11.2;9.7;4.1;61.2;0.0;15;19.1;10.4;235;47.6;10.8;partly-cloudy
4245;14/01/2026 11:39;11.1;9.6;5.3;70.7;0.0;13;16.5;7.7;220;44.0;12.4;partly-cloudy
3855;14/01/2026 11:39;11.3;10.3;4.9;62.9;0.0;10;15.4;7.9;222;58.1;10.9;partly-cloudy
3691;14/01/2026 11:39;10.9;10.1;4.1;66.1;0.0;19;16.9;11.0;285;54.1;12.2;partly-cloudy
7113;14/01/2026 11:39;9.5;9.4;4.7;73.6;0.0;9;17.3;8.4;256;11.9;11.2;clear
4247;14/01/2026 11:39;11.2;10.0;4.2;70.3;0.0;16;20.4;7.9;287;39.2;10.5;partly-cloudy
7139;14/01/2026 11:39;9.4;8.2;3.7;73.3;0.0;18;21.3;11.8;217;13.2;12.7;clear
4170;14/01/2026 11:39;11.6;10.7;3.9;64.3;0.0;16;21.6;10.1;259;59.5;12.2;partly-cloudy
4312;14/01/2026 11:40;10.9;10.7;4.5;70.2;0.0;10;18.6;8.6;261;35.1;15.0;partly-cloudy
4248;14/01/2026 11:40;10.1;9.8;3.8;67.9;0.0;8;25.6;8.9;268;39.6;10.5;partly-cloudy
4308;14/01/2026 11:40;10.6;9.6;4.4;70.3;0.0;20;16.5;8.8;249;51.4;12.5;partly-cloudy
4307;14/01/2026 11:40;11.5;10.6;4.5;73.2;0.0;0;20.1;9.1;283;54.7;8.7;partly-cloudy
4250;14/01/2026 11:40;11.4;10.5;4.0;66.1;0.0;15;17.0;10.0;256;51.0;13.4;partly-cloudy
4251;14/01/2026 11:40;10.7;9.5;4.6;86.1;0.0;26;19.3;11.0;212;31.6;11.4;partly-cloudy
4252;14/01/2026 11:40;10.8;10.1;4.6;62.4;0.1;31;19.6;11.0;270;42.3;10.9;partly-cloudy
10528;14/01/2026 11:40;10.3;9.6;4.7;78.1;0.0;9;14.8;9.9;215;25.2;11.7;clear
4311;14/01/2026 11:40;10.8;10.3;4.2;80.9;0.0;26;21.3;12.6;263;44.7;13.5;partly-cloudy
10639;14/01/2026 11:40;10.5;9.7;4.3;81.6;0.0;15;14.4;7.7;231;21.7;11.3;clear
10678;14/01/2026 11:40;10.3;9.3;4.5;65.3;0.0;19;12.3;10.2;218;80.7;15.0;cloudy
4310;14/01/2026 11:40;10.4;9.4;4.2;72.0;0.0;2;21.6;11.6;258;39.0;12.7;partly-cloudy
4309;14/01/2026 11:41;10.2;10.1;4.9;69.7;0.0;13;20.8;9.0;246;46.9;9.9;partly-cloudy
4205;14/01/2026 11:41;11.1;10.4;4.4;71.7;0.0;9;15.3;5.3;281;72.6;14.6;partly-cloudy
4306;14/01/2026 11:41;10.8;10.2;4.4;67.5;0.0;31;14.9;9.0;256;79.1;14.2;partly-cloudy
7133;14/01/2026 11:41;9.8;8.9;5.2;61.9;0.0;37;20.9;10.7;255;42.3;18.4;partly-cloudy
10427;14/01/2026 11:41;9.4;8.7;4.9;78.5;0.0;11;21.2;4.7;258;83.5;12.7;cloudy
4305;14/01/2026 11:41;11.3;10.1;4.1;69.3;0.0;11;12.3;7.9;289;51.1;11.7;partly-cloudy
4204;14/01/2026 11:41;11.4;9.8;4.9;76.3;0.0;20;16.7;14.5;252;10.5;13.0;clear
4256;14/01/2026 11:41;10.9;10.0;5.0;75.3;0.0;19;20.1;9.5;215;54.1;12.6;partly-cloudy
10527;14/01/2026 11:41;11.1;10.7;5.1;71.1;0.0;10;16.7;10.9;290;69.5;12.3;partly-cloudy
10530;14/01/2026 11:41;11.0;9.3;3.9;74.0;0.0;12;17.4;13.1;235;53.0;11.5;partly-cloudy
11301;14/01/2026 11:41;10.1;8.9;4.1;62.7;0.0;22;16.8;8.4;258;48.3;10.8;partly-cloudy
10608;14/01/2026 11:41;10.6;10.3;5.6;60.8;0.0;10;19.5;10.3;267;82.4;13.5;cloudy
3730;14/01/2026 11:41;10.8;10.3;4.7;69.5;0.0;15;13.3;12.2;290;37.4;12.2;partly-cloudy
4254;14/01/2026 11:41;11.0;10.6;4.8;70.0;0.0;0;19.0;8.8;258;52.8;10.2;partly-cloudy
4303;14/01/2026 11:42;10.7;9.0;4.6;64.0;0.0;5;18.8;14.3;214;58.6;11.4;partly-cloudy
4203;14/01/2026 11:42;10.6;9.2;4.6;74.1;0.0;15;14.3;10.2;272;50.9;13.4;partly-cloudy
3731;14/01/2026 11:42;10.9;10.5;5.3;78.2;0.0;12;15.3;11.7;265;77.1;16.5;partly-cloudy
4200;14/01/2026 11:42;11.0;10.2;4.9;59.3;0.0;31;16.9;11.1;216;77.0;10.9;partly-cloudy
4202;14/01/2026 11:42;10.4;9.6;4.4;75.5;0.0;9;19.6;12.2;260;47.7;10.7;partly-cloudy
4301;14/01/2026 11:42;11.5;10.5;3.9;86.2;0.0;14;12.7;12.1;240;62.3;11.8;partly-cloudy
10258;14/01/2026 11:42;9.5;8.7;4.4;59.5;0.0;10;16.8;9.0;257;80.2;9.4;cloudy
4201;14/01/2026 11:42;9.6;9.1;4.2;69.2;0.0;18;18.6;11.9;251;46.9;12.3;partly-cloudy
10387;14/01/2026 11:42;10.6;9.5;4.6;76.6;0.0;36;15.0;7.9;220;41.9;11.7;partly-cloudy
3620;14/01/2026 11:43;11.7;11.6;3.9;72.8;0.0;17;22.0;11.6;250;38.7;10.9;partly-cloudy
10388;14/01/2026 11:43;10.7;10.5;3.9;76.7;0.0;24;18.6;9.2;246;52.2;11.3;partly-cloudy
4394;14/01/2026 11:43;11.1;10.6;4.6;62.2;0.0;18;18.0;9.6;219;78.9;15.5;partly-cloudy
4393;14/01/2026 11:43;10.0;9.2;4.6;63.7;0.0;22;19.7;8.9;275;33.8;12.2;partly-cloudy
4199;14/01/2026 11:43;10.7;10.2;5.4;75.3;0.0;19;18.7;6.1;262;74.0;12.5;partly-cloudy
4395;14/01/2026 11:43;11.2;10.2;4.2;65.4;0.0;20;23.3;6.7;213;50.9;12.7;partly-cloudy
4281;14/01/2026 11:43;10.4;9.8;4.4;62.4;0.0;21;14.2;9.3;210;50.4;12.1;partly-cloudy
10386;14/01/2026 11:43;11.5;11.5;4.8;75.6;0.0;14;18.3;12.4;269;64.6;13.5;partly-cloudy
4293;14/01/2026 11:43;11.6;11.3;4.6;74.6;0.0;26;20.1;10.6;259;42.8;12.5;partly-cloudy
3672;14/01/2026 11:43;10.3;9.7;4.9;65.2;0.0;0;15.7;7.7;257;79.8;10.8;partly-cloudy
4294;14/01/2026 11:43;9.6;9.0;5.1;64.5;0.0;29;16.7;12.2;235;42.2;11.9;partly-cloudy
4718;14/01/2026 11:43;11.0;10.1;4.0;72.5;0.0;16;17.9;6.6;262;66.6;9.4;partly-cloudy
4297;14/01/2026 11:44;11.4;10.5;5.0;59.7;0.0;0;17.0;7.8;221;32.7;13.0;partly-cloudy
4298;14/01/2026 11:44;11.5;10.7;4.4;67.6;0.0;0;22.3;11.5;290;40.5;12.3;partly-cloudy
4282;14/01/2026 11:44;10.5;9.8;4.4;70.7;0.0;30;16.5;12.9;239;67.6;10.2;partly-cloudy
4295;14/01/2026 11:44;10.6;9.7;4.6;75.0;0.0;12;18.7;13.2;254;34.6;12.6;partly-cloudy
4296;14/01/2026 11:44;10.0;9.6;3.5;65.2;0.0;15;14.4;7.1;212;71.1;12.5;partly-cloudy
4289;14/01/2026 11:44;11.9;11.3;3.7;71.6;0.0;8;19.0;7.4;217;71.1;13.1;partly-cloudy
11207;14/01/2026 11:44;9.6;9.0;4.1;74.6;0.0;22;15.8;9.4;223;29.7;9.6;clear
4290;14/01/2026 11:44;10.5;9.4;4.6;79.1;0.0;16;15.9;8.0;250;23.5;9.5;clear
4287;14/01/2026 11:44;10.7;10.1;4.5;64.4;0.0;30;13.5;8.8;251;60.5;12.3;partly-cloudy
3401;14/01/2026 11:44;9.5;8.4;4.2;66.4;0.0;23;19.1;8.6;234;42.2;13.3;partly-cloudy
4707;14/01/2026 11:44;10.5;9.0;5.2;63.3;0.0;15;15.2;8.7;241;53.6;15.9;partly-cloudy
4292;14/01/2026 11:44;10.6;9.3;4.6;67.4;0.0;7;19.9;12.6;276;51.8;10.6;partly-cloudy
4291;14/01/2026 11:44;11.1;10.1;4.9;72.6;0.0;17;18.0;9.1;261;60.9;11.7;partly-cloudy
4283;14/01/2026 11:44;10.1;9.2;3.9;63.7;0.0;20;16.7;9.5;227;23.0;11.6;clear
4269;14/01/2026 11:44;10.9;10.2;5.0;67.3;0.0;24;10.8;8.6;219;72.7;10.4;partly-cloudy
4286;14/01/2026 11:44;11.5;10.4;4.5;69.7;0.0;0;17.7;10.1;283;39.5;12.8;partly-cloudy
4270;14/01/2026 11:45;11.7;10.6;5.0;73.1;0.0;23;21.0;8.4;215;66.2;12.1;partly-cloudy
4716;14/01/2026 11:45;12.3;12.0;4.4;71.0;0.0;10;19.9;10.1;237;23.3;13.3;clear
4284;14/01/2026 11:45;12.1;10.7;5.0;62.2;0.0;1;17.3;8.7;214;45.8;12.4;partly-cloudy
4717;14/01/2026 11:45;11.5;11.2;5.4;74.5;0.0;35;16.2;11.1;277;51.6;10.9;partly-cloudy
4285;14/01/2026 11:45;10.0;9.5;4.2;55.1;0.0;12;20.8;8.0;215;62.2;11.3;partly-cloudy
4353;14/01/2026 11:45;11.4;10.7;4.1;77.1;0.0;27;19.4;11.2;246;70.5;12.4;partly-cloudy
4709;14/01/2026 11:45;10.9;9.8;5.2;77.7;0.0;11;15.4;9.7;242;32.7;12.7;partly-cloudy
4708;14/01/2026 11:45;10.8;9.3;3.9;62.9;0.0;12;16.6;8.5;236;50.6;10.2;partly-cloudy
4715;14/01/2026 11:45;11.3;10.6;5.0;67.4;0.0;15;22.2;11.9;262;44.4;11.3;partly-cloudy
4711;14/01/2026 11:45;10.8;9.9;3.8;78.9;0.0;15;17.1;11.2;223;67.1;10.5;partly-cloudy
4268;14/01/2026 11:45;10.5;9.5;4.0;58.3;0.0;13;14.6;14.9;220;43.0;10.2;partly-cloudy
4313;14/01/2026 11:45;11.3;10.6;4.8;70.5;0.0;24;21.0;11.2;247;66.2;11.0;partly-cloudy
10885;14/01/2026 11:45;11.0;10.1;4.4;71.7;0.0;8;17.5;11.8;272;75.1;10.2;partly-cloudy
4314;14/01/2026 11:46;11.5;11.1;4.5;75.0;0.0;20;22.3;11.6;270;49.8;11.9;partly-cloudy
10646;14/01/2026 11:46;11.4;10.7;4.7;71.7;0.0;16;22.6;8.6;245;51.8;11.1;partly-cloudy
10647;14/01/2026 11:46;11.2;10.6;3.8;78.8;0.0;15;17.3;7.0;280;54.4;12.7;partly-cloudy
4710;14/01/2026 11:46;10.8;10.1;5.0;69.5;0.0;17;21.4;10.2;276;68.6;13.5;partly-cloudy
4714;14/01/2026 11:46;11.4;10.9;5.3;73.3;0.0;18;18.6;13.9;243;62.6;9.7;partly-cloudy
10875;14/01/2026 11:46;10.5;10.0;4.6;78.1;0.0;26;19.4;4.9;215;93.8;14.3;cloudy
4316;14/01/2026 11:46;10.4;9.8;4.3;62.6;0.0;19;20.0;7.9;256;54.1;11.8;partly-cloudy
4315;14/01/2026 11:46;11.5;10.5;4.4;67.9;0.0;17;19.7;12.1;232;63.9;13.0;partly-cloudy
10874;14/01/2026 11:46;9.9;8.9;4.8;67.9;0.0;8;15.2;9.3;283;60.8;13.3;partly-cloudy
10645;14/01/2026 11:46;11.5;10.7;4.4;67.1;0.0;14;21.4;8.6;225;76.3;12.2;partly-cloudy
4712;14/01/2026 11:46;10.1;9.4;4.3;65.0;0.0;22;18.1;9.2;229;57.0;13.3;partly-cloudy
10883;14/01/2026 11:46;10.4;9.5;4.1;76.8;0.0;14;20.8;10.4;211;80.2;13.2;cloudy
10878;14/01/2026 11:46;11.6;10.9;5.2;69.4;0.0;7;24.3;7.9;227;61.8;12.8;partly-cloudy
10884;14/01/2026 11:46;10.8;10.2;5.3;70.8;0.0;33;19.5;7.2;289;66.9;12.7;partly-cloudy
3707;14/01/2026 11:46;11.0;10.3;4.2;73.2;0.0;31;17.7;8.7;265;30.2;10.7;partly-cloudy
4317;14/01/2026 11:46;10.6;9.4;4.6;77.8;0.0;25;22.4;9.4;230;85.7;10.4;cloudy
4713;14/01/2026 11:47;10.5;8.7;5.1;63.5;0.0;17;15.9;6.0;278;71.0;14.6;partly-cloudy
7087;14/01/2026 11:47;11.5;11.6;4.8;71.6;0.0;20;15.1;7.3;284;58.1;10.6;partly-cloudy
4261;14/01/2026 11:47;10.4;9.5;4.0;67.2;0.0;27;15.3;5.3;277;15.4;14.1;clear
4279;14/01/2026 11:47;11.8;11.3;5.3;74.4;0.0;12;17.5;8.6;288;78.3;10.9;partly-cloudy
3476;14/01/2026 11:47;10.9;9.9;4.6;80.3;0.0;11;20.0;11.7;229;66.5;9.5;partly-cloudy
4262;14/01/2026 11:47;10.6;10.0;4.5;71.8;0.0;11;15.0;7.4;221;22.5;11.8;clear
4319;14/01/2026 11:47;10.0;8.9;3.6;66.6;0.0;18;20.4;10.8;289;49.3;13.5;partly-cloudy
4259;14/01/2026 11:47;11.2;10.8;4.7;74.8;0.0;6;22.0;10.0;249;86.7;9.4;cloudy
4318;14/01/2026 11:47;10.1;9.4;4.5;58.7;0.0;14;18.3;11.9;252;64.1;10.1;partly-cloudy
4263;14/01/2026 11:47;11.0;9.6;5.3;67.2;0.0;28;17.9;7.1;216;57.7;10.8;partly-cloudy
4260;14/01/2026 11:47;10.9;10.2;4.4;69.2;0.0;5;19.4;6.6;212;28.6;9.8;clear
3478;14/01/2026 11:47;11.4;10.5;5.1;79.3;0.0;10;18.9;12.0;253;65.5;7.0;partly-cloudy
3475;14/01/2026 11:47;12.0;11.3;4.2;73.2;0.0;8;19.8;8.0;228;23.7;13.2;clear
4265;14/01/2026 11:48;12.1;11.3;5.4;63.8;0.0;7;20.3;12.9;273;61.0;12.2;partly-cloudy
3618;14/01/2026 11:48;9.8;8.8;5.0;66.3;0.0;12;15.0;5.3;235;48.0;8.1;partly-cloudy
11208;14/01/2026 11:48;11.1;9.9;4.2;76.5;0.0;10;15.9;8.2;226;33.6;9.4;partly-cloudy
4264;14/01/2026 11:48;10.9;10.4;3.6;76.7;0.0;15;21.3;8.5;290;58.7;14.2;partly-cloudy
4266;14/01/2026 11:48;11.7;10.6;3.8;72.6;0.0;9;19.6;9.2;260;36.0;8.2;partly-cloudy
4320;14/01/2026 11:48;10.4;9.4;4.7;57.5;0.0;20;18.5;8.2;249;60.4;13.1;partly-cloudy
7101;14/01/2026 11:48;10.6;9.8;3.4;72.8;0.0;34;21.2;12.4;241;80.8;11.2;cloudy
4322;14/01/2026 11:48;10.3;9.5;5.2;81.7;0.0;2;16.7;10.9;225;54.9;11.5;partly-cloudy
3650;14/01/2026 11:48;11.9;10.8;5.0;77.7;0.0;23;18.0;8.2;238;28.5;9.0;clear
4698;14/01/2026 11:48;10.9;10.4;3.9;69.1;0.0;23;17.1;9.3;271;48.5;11.5;partly-cloudy
5117;14/01/2026 11:48;11.2;10.7;4.3;63.7;0.0;17;12.9;9.8;281;21.2;11.9;clear
4321;14/01/2026 11:48;10.8;9.5;4.8;85.6;0.0;12;17.8;10.3;247;31.3;13.2;partly-cloudy
4330;14/01/2026 11:48;11.9;11.6;4.8;67.0;0.0;24;19.2;7.8;212;59.9;12.5;partly-cloudy
4328;14/01/2026 11:49;9.7;8.5;4.6;64.1;0.0;5;22.6;12.3;217;36.0;11.5;partly-cloudy
10986;14/01/2026 11:49;10.6;10.4;4.5;74.9;0.0;8;18.1;11.2;279;56.7;11.0;partly-cloudy
4329;14/01/2026 11:49;11.9;11.3;4.2;73.6;0.0;26;19.3;9.7;211;32.2;9.3;partly-cloudy
4323;14/01/2026 11:49;11.9;11.6;3.7;61.0;0.0;27;17.1;10.5;257;53.4;12.3;partly-cloudy
4693;14/01/2026 11:49;10.5;9.8;4.3;80.3;0.0;14;19.2;12.0;240;89.9;12.5;cloudy
9972;14/01/2026 11:49;10.5;9.5;3.7;79.7;0.0;18;18.4;11.8;290;46.3;10.1;partly-cloudy
4324;14/01/2026 11:49;10.8;10.0;4.5;62.7;0.0;33;13.5;10.9;255;49.5;14.1;partly-cloudy
4304;14/01/2026 11:49;10.6;9.9;4.1;66.2;0.0;31;20.6;11.4;210;72.0;6.5;partly-cloudy
1047;14/01/2026 11:49;10.6;9.4;4.4;69.5;0.0;11;20.6;8.5;213;75.9;9.9;partly-cloudy
1044;14/01/2026 11:49;10.7;9.6;4.2;73.4;0.0;10;21.5;10.7;216;37.9;11.3;partly-cloudy
4325;14/01/2026 11:49;11.3;10.1;5.0;76.9;0.0;18;21.0;10.1;229;50.0;10.4;partly-cloudy
4695;14/01/2026 11:49;10.8;10.1;4.7;75.0;0.0;11;19.7;7.5;250;86.0;11.4;cloudy
3651;14/01/2026 11:49;10.7;10.4;3.8;67.9;0.0;12;22.6;5.7;258;76.7;12.2;partly-cloudy
1046;14/01/2026 11:49;11.7;11.1;4.6;62.0;0.0;24;15.2;8.5;258;34.7;15.9;partly-cloudy
1045;14/01/2026 11:49;10.8;10.1;4.4;73.6;0.0;5;15.8;10.5;234;38.6;13.4;partly-cloudy
1043;14/01/2026 11:49;10.6;10.3;3.4;65.2;0.0;20;18.0;9.6;248;24.7;10.5;clear
7102;14/01/2026 11:49;10.7;10.1;5.2;65.6;0.1;18;16.2;14.5;258;28.9;11.4;clear
4696;14/01/2026 11:49;11.1;10.0;3.7;73.6;0.0;7;9.6;11.5;250;40.4;7.9;partly-cloudy
9971;14/01/2026 11:49;11.0;10.4;4.8;72.4;0.0;21;24.4;10.9;224;64.8;10.7;partly-cloudy
9970;14/01/2026 11:49;11.1;10.3;4.7;62.0;0.0;3;18.0;9.9;255;35.7;14.0;partly-cloudy
1015;14/01/2026 11:49;11.7;10.8;4.4;76.6;0.0;10;21.0;8.8;224;75.4;6.6;partly-cloudy
1016;14/01/2026 11:49;10.1;9.5;5.2;81.7;0.0;14;10.5;8.2;268;47.0;14.3;partly-cloudy
10065;14/01/2026 11:49;11.0;9.8;4.5;82.0;0.0;18;19.3;8.5;267;58.9;9.9;partly-cloudy
6836;14/01/2026 11:49;11.4;10.7;4.9;60.5;0.0;17;18.4;15.6;248;48.9;11.2;partly-cloudy
1012;14/01/2026 11:50;10.5;9.5;5.1;80.1;0.0;14;17.5;7.0;243;38.8;12.3;partly-cloudy
3444;14/01/2026 11:50;10.2;9.3;5.2;63.0;0.0;27;19.5;9.7;251;55.3;14.6;partly-cloudy
6827;14/01/2026 11:50;11.1;10.5;4.6;66.2;0.0;15;17.3;10.0;266;39.6;12.8;partly-cloudy
5116;14/01/2026 11:50;10.7;9.6;4.6;68.5;0.0;12;16.1;7.6;252;72.2;13.2;partly-cloudy
4331;14/01/2026 11:50;10.5;10.1;4.6;70.2;0.0;16;19.4;11.7;273;44.6;14.0;partly-cloudy
6833;14/01/2026 11:50;11.9;11.0;3.8;68.4;0.0;20;15.0;9.0;288;41.8;9.7;partly-cloudy
1013;14/01/2026 11:50;10.1;9.0;4.1;64.0;0.0;23;15.9;5.3;268;19.7;9.8;clear
1014;14/01/2026 11:50;11.4;10.3;4.0;73.5;0.0;20;15.6;12.7;229;24.6;12.4;clear
6835;14/01/2026 11:50;11.3;10.5;4.6;69.5;0.0;11;19.2;12.4;234;87.6;12.3;cloudy
4326;14/01/2026 11:50;10.0;9.4;4.3;78.6;0.0;17;18.0;6.6;248;62.1;16.1;partly-cloudy
1042;14/01/2026 11:50;11.5;10.5;4.7;66.7;0.0;21;15.4;7.1;249;71.5;10.6;partly-cloudy
10407;14/01/2026 11:50;11.5;10.5;4.2;68.3;0.0;14;18.9;11.2;227;48.3;10.2;partly-cloudy
1011;14/01/2026 11:50;10.6;9.5;5.2;66.6;0.0;16;18.8;5.1;261;62.4;13.6;partly-cloudy
6837;14/01/2026 11:50;10.8;10.7;4.4;68.8;0.0;25;18.3;6.9;236;43.9;14.4;partly-cloudy
6839;14/01/2026 11:50;10.7;9.9;4.3;67.8;0.0;15;26.9;11.9;218;23.8;10.5;clear
6838;14/01/2026 11:50;11.7;11.2;4.9;69.6;0.0;21;17.0;8.1;277;42.7;13.8;partly-cloudy
1018;14/01/2026 11:50;12.3;11.4;4.6;59.1;0.0;21;26.1;10.3;211;48.8;10.9;partly-cloudy
6840;14/01/2026 11:51;11.4;10.8;3.9;63.2;0.0;8;19.0;10.5;220;68.2;14.1;partly-cloudy
1017;14/01/2026 11:51;11.8;10.3;4.2;72.3;0.0;9;15.5;13.1;275;15.4;11.4;clear
5001;14/01/2026 11:51;10.5;9.5;4.4;77.9;0.0;18;22.2;7.5;252;70.5;11.2;partly-cloudy
10408;14/01/2026 11:51;10.9;9.9;3.8;73.2;0.0;24;13.3;11.6;273;71.2;11.2;partly-cloudy
4327;14/01/2026 11:51;10.6;9.4;4.9;72.4;0.0;30;15.3;12.7;244;47.8;12.7;partly-cloudy
1038;14/01/2026 11:51;11.4;10.6;4.4;64.4;0.0;13;21.0;8.1;231;66.8;8.8;partly-cloudy
5010;14/01/2026 11:51;11.2;9.9;4.1;54.3;0.0;22;16.5;11.2;220;36.4;8.9;partly-cloudy
6842;14/01/2026 11:51;10.1;9.4;5.5;62.6;0.0;27;20.0;10.0;225;21.6;12.8;clear
6841;14/01/2026 11:51;12.4;11.5;4.7;62.4;0.0;4;20.1;12.5;239;47.0;11.6;partly-cloudy
5191;14/01/2026 11:51;11.9;11.3;4.7;74.5;0.0;29;21.0;11.5;223;38.2;13.3;partly-cloudy
1041;14/01/2026 11:51;11.6;11.1;4.9;63.6;0.0;16;17.7;11.8;259;46.9;9.4;partly-cloudy
1009;14/01/2026 11:51;10.8;9.5;5.0;69.5;0.0;21;18.3;11.1;284;70.4;12.7;partly-cloudy
5189;14/01/2026 11:51;11.3;10.8;4.8;55.6;0.0;10;17.1;11.0;220;61.8;15.1;partly-cloudy
1010;14/01/2026 11:51;10.2;10.2;4.4;86.7;0.0;23;14.7;11.9;269;27.8;13.0;clear
5182;14/01/2026 11:51;10.8;10.3;4.8;70.4;0.0;9;18.6;9.4;234;49.3;9.0;partly-cloudy
3410;14/01/2026 11:51;11.3;10.1;4.2;67.4;0.0;0;17.6;11.7;281;41.9;12.6;partly-cloudy
5011;14/01/2026 11:51;10.4;9.2;5.0;66.3;0.0;8;22.6;8.1;235;33.9;12.4;partly-cloudy
10511;14/01/2026 11:51;10.7;9.7;3.7;74.1;0.0;25;19.1;8.6;250;63.1;10.5;partly-cloudy
6843;14/01/2026 11:52;10.1;9.7;4.7;78.0;0.0;12;17.3;12.5;240;52.3;14.1;partly-cloudy
10429;14/01/2026 11:52;11.2;10.4;5.2;67.0;0.0;21;18.9;10.2;224;73.4;12.3;partly-cloudy
6845;14/01/2026 11:52;11.7;10.7;3.8;67.3;0.0;23;17.9;12.2;221;73.3;13.0;partly-cloudy
5003;14/01/2026 11:52;10.9;10.1;4.3;78.2;0.0;16;18.2;9.0;279;38.7;11.6;partly-cloudy
5002;14/01/2026 11:52;11.1;10.5;4.8;74.4;0.0;15;15.2;11.8;228;43.8;11.5;partly-cloudy
5016;14/01/2026 11:52;10.9;10.4;4.1;69.9;0.0;0;17.5;10.4;286;39.6;13.5;partly-cloudy
10430;14/01/2026 11:52;11.8;11.0;4.2;73.5;0.0;24;19.8;9.6;256;50.0;11.0;partly-cloudy
10806;14/01/2026 11:52;10.5;9.5;5.1;62.2;0.0;13;14.7;8.1;216;46.4;12.8;partly-cloudy
4547;14/01/2026 11:53;11.0;10.0;3.9;64.1;0.0;24;17.3;12.3;250;74.8;13.7;partly-cloudy
5012;14/01/2026 11:53;10.7;10.3;4.5;61.2;0.0;13;14.1;13.8;257;84.7;10.0;cloudy
5004;14/01/2026 11:53;11.3;10.1;5.2;67.2;0.0;7;11.8;9.9;238;80.4;13.5;cloudy
5013;14/01/2026 11:53;10.8;9.9;4.3;68.7;0.0;12;21.5;8.3;271;72.3;11.5;partly-cloudy
5192;14/01/2026 11:53;11.7;10.5;4.9;82.5;0.0;12;14.8;10.4;280;69.2;9.8;partly-cloudy
5197;14/01/2026 11:53;11.0;10.7;4.9;63.0;0.0;19;18.8;10.9;285;72.0;10.1;partly-cloudy
10805;14/01/2026 11:53;11.6;10.8;5.9;74.6;0.0;11;17.3;9.2;289;29.4;12.1;clear
10283;14/01/2026 11:53;10.9;10.3;4.6;64.0;0.0;29;17.1;10.7;279;52.8;10.9;partly-cloudy
5005;14/01/2026 11:53;11.7;10.9;5.5;71.5;0.0;16;15.4;11.5;237;61.5;12.4;partly-cloudy
10804;14/01/2026 11:53;11.1;10.2;5.1;71.4;0.0;5;23.3;9.9;253;59.7;11.9;partly-cloudy
10572;14/01/2026 11:53;10.5;9.8;5.3;66.6;0.0;12;19.6;9.6;215;69.8;11.5;partly-cloudy
10570;14/01/2026 11:53;12.1;11.8;3.6;68.5;0.0;18;19.5;13.2;233;62.6;14.7;partly-cloudy
5018;14/01/2026 11:53;10.7;10.3;4.2;65.6;0.0;35;20.8;7.8;251;68.2;12.1;partly-cloudy
3702;14/01/2026 11:54;10.7;9.7;4.3;72.2;0.0;12;15.7;8.2;231;44.7;13.3;partly-cloudy
10573;14/01/2026 11:54;10.6;9.6;3.9;67.7;0.0;2;17.1;12.7;284;99.3;14.5;cloudy
10571;14/01/2026 11:54;9.3;8.3;4.4;67.9;0.0;2;21.7;12.8;275;43.3;10.1;partly-cloudy
5006;14/01/2026 11:54;10.6;8.8;3.8;65.0;0.0;16;15.0;8.0;240;64.1;13.2;partly-cloudy
7009;14/01/2026 11:54;10.2;9.7;3.8;76.8;0.0;12;18.9;5.7;244;64.6;15.2;partly-cloudy
5035;14/01/2026 11:54;10.5;9.8;5.3;67.5;0.0;32;15.6;9.6;219;58.2;13.1;partly-cloudy
5019;14/01/2026 11:54;11.7;11.0;3.9;76.5;0.0;14;16.9;7.5;269;71.7;9.9;partly-cloudy
5021;14/01/2026 11:54;12.0;10.9;5.1;72.7;0.0;26;19.6;11.6;221;68.6;11.2;partly-cloudy
5190;14/01/2026 11:54;10.4;9.7;4.4;69.9;0.0;20;15.8;7.6;273;25.3;10.0;clear
3553;14/01/2026 11:54;10.8;10.3;5.3;74.8;0.0;29;18.7;7.7;215;49.2;14.5;partly-cloudy
5014;14/01/2026 11:54;11.8;11.0;4.7;77.8;0.0;17;19.4;9.3;237;68.2;15.6;partly-cloudy
5007;14/01/2026 11:55;11.8;10.9;5.1;67.1;0.0;0;20.4;13.2;215;56.0;11.4;partly-cloudy
10803;14/01/2026 11:55;11.0;10.6;4.5;66.4;0.0;14;16.1;11.4;286;70.4;14.3;partly-cloudy
3542;14/01/2026 11:55;11.0;10.4;4.9;72.8;0.0;13;18.0;4.9;282;27.8;15.3;clear
3544;14/01/2026 11:55;11.5;10.9;4.0;59.4;0.0;21;20.2;11.3;288;36.8;11.3;partly-cloudy
5015;14/01/2026 11:55;11.1;10.3;4.3;71.5;0.0;31;14.9;9.9;289;67.7;12.6;partly-cloudy
10428;14/01/2026 11:55;10.0;9.4;5.5;73.4;0.0;17;17.7;10.6;268;41.3;11.6;partly-cloudy
5030;14/01/2026 11:55;11.0;10.0;4.6;65.6;0.0;9;16.0;12.5;242;17.2;13.7;clear
5017;14/01/2026 11:55;11.3;10.2;4.9;72.5;0.0;17;15.1;8.6;229;59.3;14.1;partly-cloudy
10426;14/01/2026 11:55;10.8;9.7;4.5;77.4;0.0;11;19.3;12.5;224;46.9;14.5;partly-cloudy
5022;14/01/2026 11:56;10.6;9.8;5.1;66.7;0.0;18;13.4;8.1;246;49.7;10.6;partly-cloudy
5023;14/01/2026 11:56;10.9;10.3;3.8;71.4;0.0;14;15.0;10.0;252;93.5;12.4;cloudy
5184;14/01/2026 11:56;10.8;10.1;4.3;80.4;0.0;15;18.7;12.0;232;67.4;11.2;partly-cloudy
5034;14/01/2026 11:56;10.9;10.3;5.0;68.4;0.0;14;20.4;11.4;216;59.1;13.3;partly-cloudy
10425;14/01/2026 11:56;12.3;11.7;3.3;81.3;0.0;0;16.4;9.9;255;48.6;12.8;partly-cloudy
1006;14/01/2026 11:57;10.6;9.5;4.0;68.5;0.0;15;15.9;9.1;247;38.8;10.0;partly-cloudy
10424;14/01/2026 11:57;10.9;9.5;5.1;68.2;0.0;13;18.0;9.4;237;41.0;12.0;partly-cloudy
5033;14/01/2026 11:57;11.3;10.6;4.1;63.8;0.0;24;14.1;7.4;217;52.8;14.2;partly-cloudy
5032;14/01/2026 11:57;10.9;9.9;5.3;68.5;0.0;7;20.2;10.5;273;67.2;14.8;partly-cloudy
5008;14/01/2026 11:57;10.6;9.8;4.9;67.1;0.0;11;20.7;8.1;258;43.7;11.9;partly-cloudy
5183;14/01/2026 11:57;10.3;9.6;4.1;68.1;0.0;9;15.2;8.2;281;45.4;11.0;partly-cloudy
5024;14/01/2026 11:57;11.4;10.3;3.7;74.7;0.0;16;19.7;11.2;239;58.8;14.1;partly-cloudy
5031;14/01/2026 11:58;10.2;9.3;4.3;64.6;0.0;5;22.7;6.3;220;49.4;17.7;partly-cloudy
10988;14/01/2026 11:58;9.6;8.7;4.2;66.0;0.0;21;18.6;13.7;222;50.9;12.3;partly-cloudy
10987;14/01/2026 11:58;10.6;9.9;4.1;67.5;0.0;15;17.5;6.1;231;68.8;11.1;partly-cloudy
5020;14/01/2026 11:58;11.6;11.0;4.3;73.4;0.0;10;24.6;12.5;290;51.5;11.5;partly-cloudy
5009;14/01/2026 11:58;10.5;10.2;4.9;69.0;0.0;12;13.6;8.8;253;61.5;9.5;partly-cloudy
1001;14/01/2026 11:59;9.8;8.7;4.7;72.3;0.0;21;16.8;9.5;258;65.7;7.2;partly-cloudy
3546;14/01/2026 11:59;10.5;9.7;5.2;58.7;0.0;7;19.2;14.8;210;55.9;10.3;partly-cloudy
3545;14/01/2026 11:59;11.8;11.4;3.9;69.4;0.0;8;17.9;8.1;250;70.0;16.0;partly-cloudy
5029;14/01/2026 11:59;12.3;11.6;3.9;66.1;0.0;5;19.6;7.4;248;38.7;9.3;partly-cloudy
6794;14/01/2026 12:00;11.2;10.9;5.1;75.5;0.0;2;14.2;10.6;230;60.5;12.6;partly-cloudy
6780;14/01/2026 12:00;11.7;11.0;4.5;68.4;0.0;21;18.6;4.9;228;78.9;13.1;partly-cloudy
6936;14/01/2026 12:00;12.0;11.0;4.3;73.7;0.0;0;16.1;8.9;284;62.6;11.5;partly-cloudy
1002;14/01/2026 12:00;12.1;11.5;5.0;77.7;0.0;15;18.3;11.3;263;54.8;12.6;partly-cloudy
4761;14/01/2026 12:01;11.6;10.4;4.9;76.5;0.0;12;15.5;9.8;245;29.0;10.6;clear
10979;14/01/2026 12:01;11.4;10.7;3.5;77.5;0.0;20;24.1;9.4;246;65.4;11.9;partly-cloudy
4741;14/01/2026 12:01;11.9;11.2;5.0;56.5;0.0;15;18.5;8.6;234;54.7;12.4;partly-cloudy
4760;14/01/2026 12:01;11.4;10.7;5.0;71.7;0.0;12;17.5;9.9;273;50.9;10.0;partly-cloudy
4759;14/01/2026 12:02;12.0;11.2;4.9;69.6;0.0;6;19.2;9.8;216;69.7;9.7;partly-cloudy
1003;14/01/2026 12:02;11.5;10.8;4.6;81.6;0.0;33;15.2;8.8;252;69.8;10.4;partly-cloudy
4762;14/01/2026 12:02;11.4;10.7;4.5;65.9;0.0;16;20.9;10.2;253;53.0;12.5;partly-cloudy
4764;14/01/2026 12:02;11.7;10.4;4.2;70.9;0.0;30;24.5;13.4;276;54.7;14.7;partly-cloudy
4740;14/01/2026 12:02;10.8;9.7;5.7;72.7;0.0;8;20.1;16.3;274;45.8;10.9;partly-cloudy
10978;14/01/2026 12:02;11.7;10.7;4.7;70.1;0.0;12;21.7;10.0;284;42.6;13.9;partly-cloudy
4765;14/01/2026 12:02;10.6;10.1;3.8;64.3;0.0;12;21.7;10.6;218;42.9;8.8;partly-cloudy
4763;14/01/2026 12:03;10.5;8.6;5.0;71.9;0.0;4;19.8;10.5;283;35.3;8.5;partly-cloudy
4768;14/01/2026 12:03;11.0;9.7;3.8;78.4;0.0;15;22.0;9.1;267;49.9;14.0;partly-cloudy
4767;14/01/2026 12:03;10.9;10.0;5.2;65.0;0.0;22;15.9;8.2;286;52.3;12.8;partly-cloudy
4766;14/01/2026 12:04;11.1;10.3;4.2;77.9;0.0;28;19.4;9.7;273;48.4;13.7;partly-cloudy
4769;14/01/2026 12:04;11.0;10.2;4.1;78.8;0.0;19;18.0;13.1;264;55.0;14.7;partly-cloudy
10226;14/01/2026 12:04;11.2;10.4;4.2;84.0;0.0;10;18.0;8.7;273;54.7;10.4;partly-cloudy
10225;14/01/2026 12:04;10.2;9.2;4.7;79.0;0.0;13;21.6;11.8;243;44.0;13.0;partly-cloudy
4772;14/01/2026 12:04;11.7;11.1;4.5;63.5;0.0;23;16.6;7.7;232;59.1;12.8;partly-cloudy
4770;14/01/2026 12:04;11.6;11.1;4.4;76.1;0.0;19;22.9;11.1;213;46.8;12.7;partly-cloudy
10237;14/01/2026 12:04;11.3;10.5;4.0;63.2;0.0;27;24.5;11.7;274;58.3;13.7;partly-cloudy
10236;14/01/2026 12:04;11.6;10.8;5.1;65.7;0.0;21;21.2;14.4;271;40.1;14.0;partly-cloudy
4771;14/01/2026 12:05;11.3;9.9;3.4;70.9;0.0;11;18.7;7.8;236;49.0;10.8;partly-cloudy
10227;14/01/2026 12:05;9.8;8.8;4.0;80.2;0.0;18;11.5;10.3;285;44.5;12.6;partly-cloudy
10228;14/01/2026 12:05;10.8;9.3;4.1;69.4;0.0;20;18.0;12.7;223;54.9;12.5;partly-cloudy
3409;14/01/2026 12:05;11.4;9.9;4.5;63.6;0.0;16;27.1;12.2;276;40.0;8.8;partly-cloudy
10977;14/01/2026 12:05;12.0;11.8;4.3;63.2;0.0;0;18.2;10.1;286;26.8;14.3;clear
4739;14/01/2026 12:05;12.0;11.3;4.3;69.6;0.0;21;10.4;7.8;217;26.9;11.6;clear
10974;14/01/2026 12:06;11.9;11.7;3.7;60.5;0.0;8;14.8;11.9;223;57.8;12.5;partly-cloudy
4903;14/01/2026 12:07;11.3;9.9;4.0;69.5;0.0;21;17.4;8.6;233;62.8;12.2;partly-cloudy
10973;14/01/2026 12:07;11.3;10.6;3.7;72.1;0.0;17;16.0;11.6;232;62.0;10.1;partly-cloudy
4904;14/01/2026 12:07;11.5;10.7;4.6;71.4;0.0;14;19.4;11.4;289;36.0;14.0;partly-cloudy
4920;14/01/2026 12:08;12.1;11.4;4.5;76.8;0.0;13;22.0;8.0;233;55.1;10.0;partly-cloudy
4921;14/01/2026 12:08;11.0;9.9;4.7;71.9;0.0;15;16.3;6.1;282;62.4;13.5;partly-cloudy
4918;14/01/2026 12:08;11.4;11.2;4.4;69.5;0.0;23;16.0;10.0;240;25.6;9.6;clear
4919;14/01/2026 12:08;11.2;10.7;4.5;67.9;0.0;5;21.0;8.7;240;47.3;13.1;partly-cloudy
7012;14/01/2026 12:10;11.0;10.3;4.6;76.4;0.0;29;18.5;7.7;223;27.9;13.3;clear
10398;14/01/2026 12:10;11.9;11.0;4.6;65.1;0.0;18;9.9;11.7;271;65.1;11.7;partly-cloudy
4907;14/01/2026 12:10;11.3;10.7;4.5;71.2;0.0;0;18.9;8.1;217;89.3;11.6;cloudy
6795;14/01/2026 12:10;12.3;11.3;4.3;67.7;0.0;16;17.5;9.7;262;41.5;7.2;partly-cloudy
6937;14/01/2026 12:10;12.1;11.3;4.6;65.6;0.0;19;17.6;10.3;285;41.7;10.4;partly-cloudy
4908;14/01/2026 12:10;10.4;9.9;3.7;71.9;0.0;13;25.9;9.2;220;27.9;15.5;clear
3403;14/01/2026 12:10;11.3;10.6;4.1;67.5;0.0;4;19.6;10.3;210;65.2;10.6;partly-cloudy
10397;14/01/2026 12:10;11.3;10.5;4.8;60.7;0.0;14;16.1;15.0;287;62.4;12.8;partly-cloudy
6938;14/01/2026 12:10;11.0;10.4;4.1;65.2;0.0;15;16.7;8.5;226;79.0;14.7;partly-cloudy
6939;14/01/2026 12:10;10.4;10.0;5.5;71.6;0.0;9;23.4;8.9;275;65.0;13.9;partly-cloudy
3637;14/01/2026 12:10;11.7;11.1;5.3;65.9;0.0;24;11.1;13.1;224;51.6;13.6;partly-cloudy
5179;14/01/2026 12:10;10.8;9.9;5.2;67.4;0.0;25;19.1;8.5;238;41.8;11.5;partly-cloudy
5166;14/01/2026 12:10;11.5;10.4;4.3;66.2;0.0;13;12.0;10.4;248;45.7;7.0;partly-cloudy
11076;14/01/2026 12:11;12.2;11.5;5.0;64.2;0.0;5;23.6;10.6;238;44.5;13.9;partly-cloudy
11077;14/01/2026 12:11;11.6;10.8;5.5;74.7;0.0;22;23.3;6.7;239;48.4;12.6;partly-cloudy
5181;14/01/2026 12:11;12.2;11.0;4.8;73.6;0.0;3;21.9;9.5;215;30.3;11.9;partly-cloudy
5149;14/01/2026 12:11;11.7;11.2;5.4;67.5;0.0;18;23.5;7.9;277;47.4;13.8;partly-cloudy
5165;14/01/2026 12:12;11.6;10.3;4.8;75.2;0.0;2;14.7;8.1;255;33.8;8.4;partly-cloudy
5168;14/01/2026 12:13;11.7;11.1;3.8;61.2;0.0;24;16.2;7.2;259;39.8;14.0;partly-cloudy
5174;14/01/2026 12:14;12.7;12.1;5.5;72.5;0.0;17;13.3;10.1;226;62.9;9.8;partly-cloudy
5162;14/01/2026 12:14;12.8;12.1;3.6;71.6;0.0;27;21.3;12.1;237;80.2;15.3;cloudy
5175;14/01/2026 12:14;11.7;11.1;4.7;74.2;0.0;14;23.4;11.9;224;48.0;10.4;partly-cloudy
5176;14/01/2026 12:14;11.7;11.0;4.2;81.0;0.0;15;16.3;5.3;257;46.2;10.9;partly-cloudy
5161;14/01/2026 12:14;11.3;10.5;5.0;68.6;0.0;2;19.4;8.6;258;46.2;12.2;partly-cloudy
5164;14/01/2026 12:14;11.2;10.1;4.3;79.1;0.0;14;20.6;12.0;276;91.0;14.9;cloudy
3641;14/01/2026 12:14;11.0;10.4;3.8;75.2;0.0;12;17.6;8.3;220;43.4;8.9;partly-cloudy
5167;14/01/2026 12:15;11.3;10.4;4.8;65.3;0.0;23;21.1;6.3;260;57.2;14.4;partly-cloudy
3577;14/01/2026 12:15;10.9;10.4;4.6;65.6;0.0;12;18.3;11.6;281;76.0;8.2;partly-cloudy
5163;14/01/2026 12:15;10.8;10.0;4.6;67.4;0.0;13;20.3;12.0;245;58.8;13.3;partly-cloudy
3640;14/01/2026 12:15;12.0;11.0;4.4;79.9;0.0;21;18.6;5.7;233;29.0;12.7;clear
